{"cameraMode":{"drawMode":0,"name":"Shaded","section":"Shading Mode"},"sceneLighting":false,"audioPlay":false,"sceneViewState":{"m_AlwaysRefresh":false,"showFog":true,"showSkybox":false,"showFlares":true,"showImageEffects":true,"showParticleSystems":true,"showVisualEffectGraphs":true,"m_FxEnabled":false},"in2DMode":false,"pivot":{"x":-0.7513206005096436,"y":0.41617634892463686,"z":3.143698215484619},"rotation":{"x":0.16105861961841584,"y":0.8369606137275696,"z":-0.3370226323604584,"w":0.3999742567539215},"size":0.8395395874977112,"orthographic":false}