{"cameraMode":{"drawMode":0,"name":"Shaded","section":"Shading Mode"},"sceneLighting":false,"audioPlay":false,"sceneViewState":{"m_AlwaysRefresh":false,"showFog":true,"showSkybox":false,"showFlares":true,"showImageEffects":true,"showParticleSystems":true,"showVisualEffectGraphs":true,"m_FxEnabled":false},"in2DMode":false,"pivot":{"x":0.6793211102485657,"y":1.8006749153137208,"z":0.5401670932769775},"rotation":{"x":-0.0030305434484034778,"y":0.9822903871536255,"z":-0.18668462336063386,"w":-0.015910597518086435},"size":3.108611583709717,"orthographic":false}