{"cameraMode":{"drawMode":0,"name":"Shaded","section":"Shading Mode"},"sceneLighting":false,"audioPlay":false,"sceneViewState":{"m_AlwaysRefresh":false,"showFog":false,"showSkybox":false,"showFlares":false,"showImageEffects":false,"showParticleSystems":false,"showVisualEffectGraphs":true,"m_FxEnabled":false},"in2DMode":false,"pivot":{"x":-0.11667704582214356,"y":0.8246252536773682,"z":0.006700724363327026},"rotation":{"x":-0.001856907387264073,"y":0.9899498224258423,"z":-0.14082801342010499,"w":-0.013066773302853108},"size":1.759807825088501,"orthographic":false}